{"CHAN1": {"vmax": 3.944, "vmin": -10.092, "vpp": 13.92, "vavg": -9.713157, "frequency": 6097.561, "pslewrate": 66264.55, "nslewrate": -7262760.0, "vmid": -2.923018}, "CHAN2": {"vmax": 6.08, "vmin": -2.12, "vpp": 8.2, "vavg": 3.113043, "frequency": 6116.208, "pslewrate": 47194.24, "nslewrate": -6624000.0, "vmid": 2.02}, "CHAN3": {"vmax": -10.768, "vmin": -10.968, "vpp": 0.2199993, "vavg": -10.86399, "frequency": 90909.09, "pslewrate": null, "nslewrate": null, "vmid": -10.864}, "CHAN4": {"vmax": 6.16, "vmin": 5.92, "vpp": 0.1599998, "vavg": 6.0, "frequency": null, "pslewrate": null, "nslewrate": null, "vmid": null}}