{"CHAN1": {"vmax": 4.292, "vmin": -10.092, "vpp": 14.38, "vavg": -9.713545, "frequency": 4854.369, "pslewrate": 53877.86, "nslewrate": -7448837.0, "vmid": -2.811429}, "CHAN2": {"vmax": 10.24, "vmin": 1.52, "vpp": 8.719999, "vavg": 6.519866, "frequency": 4854.369, "pslewrate": 38365.12, "nslewrate": -6975999.0, "vmid": 5.88}, "CHAN3": {"vmax": -10.752, "vmin": -10.968, "vpp": 0.1999998, "vavg": -10.86444, "frequency": 29411.76, "pslewrate": null, "nslewrate": -3978.378, "vmid": -10.864}, "CHAN4": {"vmax": 10.3488, "vmin": 10.1376, "vpp": 0.21, "vavg": 10.22772, "frequency": null, "pslewrate": null, "nslewrate": null, "vmid": null}}