{"CHAN1": {"vmax": 4.06, "vmin": -10.092, "vpp": 14.26, "vavg": -9.722468, "frequency": 4739.336, "pslewrate": 52284.17, "nslewrate": -11175040.0, "vmid": -2.871279}, "CHAN2": {"vmax": 8.16, "vmin": -0.88, "vpp": 8.96, "vavg": 4.28301, "frequency": 4761.905, "pslewrate": 38956.52, "nslewrate": -4736000.0, "vmid": 3.68}, "CHAN3": {"vmax": -10.768, "vmin": -10.984, "vpp": 0.1800003, "vavg": -10.86397, "frequency": 31250.0, "pslewrate": null, "nslewrate": -1172.516, "vmid": -10.868}, "CHAN4": {"vmax": 8.1664, "vmin": 7.9552, "vpp": 0.2200003, "vavg": 8.061564, "frequency": null, "pslewrate": null, "nslewrate": null, "vmid": null}}